{"nCoating": 1.0, "CoreN": 1.445, "CladN": 1.44, "R1": 4.1, "R2": 62.5, "CladLeft": 0, "fcen": 0.6451612903225806, "df": 0.06451612903225806, "nfreq": 1000, "resolution": 12, "DecayF": 1e-08, "WallT": 0, "SimT": 10, "today": "2021-11-26", "filename": "ModelTrio", "notes": "", "neff": 1.441585250399735}