{"nCoating": 1.0, "CoreN": 1.4453481523392915, "CladN": 1.4403481523392916, "R1": 4.1, "R2": 62.5, "CladLeft": 1, "Depth": 80.5, "Width": 300, "GAP": 0, "Rw": false, "fcen": 0.6451612903225806, "df": 0.008, "nfreq": 1000, "dpml": 10, "resolution": 10, "DecayF": 1e-09, "WallT": 0, "SimT": 1000000.0, "today": "2021-12-10", "WorkingDir": "notSet", "filename": "300umFilledBubbleFullFibre", "notes": "", "sx": 820, "sy": 80.5}