{"nCoating": 1.4117985111112257, "CoreN": 1.4453724235507115, "CladN": 1.4403724235507116, "R1": 4.1, "R2": 62.5, "CladLeft": 5, "Depth": 40, "Width": 300, "GAP": 0, "Rw": false, "fcen": 0.6451612903225806, "df": 0.012, "nfreq": 1000, "dpml": 10, "resolution": 10, "DecayF": 1e-06, "WallT": 0, "SimT": 1000000.0, "today": "2021-11-29", "WorkingDir": "notSet", "filename": "SingleBubble", "notes": "", "sx": 520, "sy": 100}